id,created_at,updated_at,selling_price,cart_product_split_id,order_split_id
134,2023-10-22 10:37:11.897,,80250.0,139,15
49,2023-10-08 17:00:05.471,,103500.0,54,1
135,2023-10-22 10:37:11.925,,107250.0,140,15
50,2023-10-08 19:11:53.045,,109500.0,55,2
51,2023-10-08 19:11:53.097,,67500.0,56,2
52,2023-10-08 19:11:53.144,,237000.0,57,2
53,2023-10-08 19:11:53.192,,121875.0,58,2
54,2023-10-08 19:11:53.244,,115500.0,59,2
55,2023-10-08 19:11:53.284,,4350.0,60,2
56,2023-10-08 19:11:53.324,,19200.0,61,2
57,2023-10-08 22:22:13.957,,90506.0,62,3
58,2023-10-08 22:22:13.998,,54000.0,63,3
59,2023-10-08 22:22:14.038,,36000.0,64,3
60,2023-10-08 22:22:14.080,,70800.0,65,3
61,2023-10-08 22:22:14.121,,98694.0,66,3
62,2023-10-08 22:22:14.159,,4350.0,67,3
63,2023-10-08 22:22:14.200,,27750.0,68,3
64,2023-10-08 22:22:14.237,,6900.0,69,3
65,2023-10-09 01:46:21.527,,30800.0,70,4
66,2023-10-09 01:46:21.600,,65250.0,71,4
67,2023-10-09 01:46:21.643,,91500.0,72,4
69,2023-10-09 01:46:21.727,,73950.0,74,4
72,2023-10-09 02:39:58.965,,72000.0,77,5
73,2023-10-09 02:39:59.006,,84750.0,78,5
74,2023-10-09 03:37:14.127,,63000.0,79,6
75,2023-10-09 03:37:14.170,,57750.0,80,6
76,2023-10-09 03:37:14.209,,69000.0,81,6
77,2023-10-09 03:37:14.250,,96750.0,82,6
78,2023-10-09 03:37:14.298,,122700.0,83,6
79,2023-10-09 03:37:14.336,,69000.0,84,6
80,2023-10-09 11:17:48.343,,47250.0,85,4
81,2023-10-10 15:05:23.534,,76500.0,86,7
83,2023-10-10 15:19:57.401,,135000.0,88,7
84,2023-10-11 09:50:29.557,,98694.0,89,7
136,2023-10-22 10:37:11.951,,57750.0,141,15
85,2023-10-11 09:52:30.410,,98694.0,90,4
137,2023-10-22 17:02:23.667,,28700.0,142,16
86,2023-10-11 09:55:21.982,,98694.0,91,5
138,2023-10-22 17:02:23.704,,39750.0,143,16
87,2023-10-11 20:49:02.100,,121875.0,92,8
88,2023-10-11 20:49:02.127,,62250.0,93,8
89,2023-10-11 20:49:02.155,,60750.0,94,8
90,2023-10-11 20:49:02.177,,83250.0,95,8
91,2023-10-11 20:49:02.206,,30800.0,96,8
92,2023-10-12 12:37:26.641,,57750.0,97,8
93,2023-10-12 14:28:47.538,,127500.0,98,9
95,2023-10-12 14:28:47.606,,115500.0,100,9
96,2023-10-12 14:28:47.652,,80250.0,101,9
97,2023-10-12 14:28:47.696,,237000.0,102,9
99,2023-10-12 14:28:47.758,,122250.0,104,9
100,2023-10-12 14:29:46.604,,298500.0,105,9
139,2023-10-22 17:30:20.023,,20250.0,144,16
140,2023-10-22 18:43:43.785,,72000.0,145,17
141,2023-10-22 18:43:43.814,,33750.0,146,17
103,2023-10-14 14:32:12.372,,30800.0,108,10
142,2023-10-22 18:43:43.843,,98694.0,147,17
104,2023-10-14 15:55:19.784,,93000.0,109,11
105,2023-10-14 21:34:05.141,,59175.0,110,10
107,2023-10-14 22:07:28.923,,96750.0,112,10
108,2023-10-14 22:08:16.975,,39750.0,113,10
109,2023-10-14 22:20:14.161,,41250.0,114,10
110,2023-10-21 13:57:56.865,,126000.0,115,12
111,2023-10-21 13:59:22.176,,73950.0,116,12
168,2023-12-17 12:02:12.623,,96750.0,172,20
114,2023-10-21 14:01:01.754,,121875.0,119,12
115,2023-10-21 14:01:43.079,,74850.0,120,12
116,2023-10-21 14:06:12.648,,67799.0,121,12
145,2023-10-28 17:54:55.072,,105000.0,150,4
146,2023-11-12 13:27:00.711,,33750.0,151,18
118,2023-10-21 15:03:11.770,,20250.0,123,12
119,2023-10-21 16:10:36.991,,99750.0,124,13
120,2023-10-21 16:10:37.028,,83250.0,125,13
121,2023-10-21 16:10:37.063,,122250.0,126,13
122,2023-10-21 16:10:37.104,,298500.0,127,13
123,2023-10-21 16:10:37.144,,74850.0,128,13
124,2023-10-21 16:10:37.180,,30750.0,129,13
125,2023-10-21 16:10:37.217,,127500.0,130,13
126,2023-10-21 16:10:37.252,,27750.0,131,13
127,2023-10-21 17:13:20.402,,122700.0,132,14
128,2023-10-21 17:13:20.437,,96750.0,133,14
129,2023-10-21 17:13:20.468,,69000.0,134,14
130,2023-10-21 17:13:20.503,,70500.0,135,14
131,2023-10-21 17:13:20.538,,69000.0,136,14
132,2023-10-21 17:13:20.570,,57750.0,137,14
133,2023-10-21 17:13:20.603,,63000.0,138,14
169,2023-12-17 12:02:33.369,,31800.0,173,20
170,2023-12-18 13:54:56.095,,108000.0,174,20
147,2023-11-12 13:27:45.122,,72000.0,152,18
148,2023-11-12 13:33:50.654,,98694.0,153,18
152,2023-11-29 14:47:40.517,,57750.0,157,19
153,2023-11-29 14:48:08.790,,60750.0,158,19
154,2023-11-29 14:48:47.882,,121875.0,159,19
155,2023-11-29 14:49:07.752,,30800.0,160,19
156,2023-11-29 14:50:45.920,,83250.0,161,19
171,2023-12-18 13:55:31.628,,30800.0,175,20
157,2023-11-29 16:19:25.360,,62250.0,162,19
161,2023-12-17 12:01:41.980,,21750.0,165,20
162,2023-12-17 12:01:42.051,,20250.0,166,20
163,2023-12-17 12:01:42.114,,7350.0,167,20
164,2023-12-17 12:01:42.176,,3900.0,168,20
165,2023-12-17 12:01:42.236,,28700.0,169,20
166,2023-12-17 12:01:42.300,,33750.0,170,20
167,2023-12-17 12:01:42.365,,63000.0,171,20
172,2023-12-18 20:59:50.947,,172800.0,176,21
173,2023-12-19 19:30:47.156,,70800.0,177,21
174,2023-12-19 19:31:47.385,,25600.0,178,21
175,2024-01-03 11:01:30.168,,27750.0,179,22
176,2024-01-03 11:01:30.230,,14550.0,180,22
177,2024-01-03 11:01:30.292,,66750.0,181,22
178,2024-01-03 11:03:36.611,,83250.0,182,22
183,2024-01-10 10:55:50.269,,108600.0,185,24
184,2024-01-10 10:55:50.312,,52500.0,186,24
185,2024-01-10 10:55:50.356,,21750.0,187,24
186,2024-01-10 10:55:50.396,,108000.0,188,24
187,2024-01-10 11:32:56.866,,47250.0,189,25
189,2024-01-15 12:06:47.349,,39000.0,191,22
193,2024-01-15 12:54:31.096,,116250.0,195,27
194,2024-01-15 12:59:40.472,,102165.0,196,28
195,2024-01-16 10:15:29.977,,102165.0,205,29
197,2024-01-16 11:17:16.056,,108600.0,207,26
200,2024-01-16 11:33:05.590,,96000.0,210,30
308,2024-02-10 14:47:55.847,,52800.0,444,66
287,2024-02-06 23:47:18.108,,118350.0,414,59
288,2024-02-07 00:38:45.538,,61500.0,415,60
204,2024-01-16 14:37:35.751,,140800.0,215,25
289,2024-02-07 09:03:19.358,,47700.0,416,60
205,2024-01-16 14:51:05.847,,70800.0,217,31
206,2024-01-16 14:51:05.903,,103500.0,218,31
207,2024-01-16 15:05:54.315,,174000.0,216,32
208,2024-01-16 15:05:54.359,,22400.0,219,32
209,2024-01-16 15:05:54.410,,22800.0,220,32
210,2024-01-16 15:05:54.452,,81000.0,221,32
211,2024-01-16 15:50:46.227,,96000.0,223,33
212,2024-01-16 16:13:01.279,,306495.0,224,34
213,2024-01-16 16:13:01.310,,73600.0,226,34
214,2024-01-16 16:13:01.345,,48000.0,225,34
215,2024-01-17 09:54:49.907,,238500.0,228,35
216,2024-01-17 10:18:22.650,,88500.0,230,36
217,2024-01-17 10:18:22.679,,48000.0,229,36
219,2024-01-18 14:54:13.565,,102165.0,234,26
290,2024-02-07 23:09:05.430,,118350.0,419,61
220,2024-01-20 11:32:07.987,,34950.0,235,31
291,2024-02-07 23:09:05.460,,61500.0,378,61
292,2024-02-07 23:09:05.487,,52800.0,420,61
223,2024-01-20 12:44:42.494,,30800.0,238,34
224,2024-01-21 11:01:26.996,,144750.0,239,37
225,2024-01-21 11:01:27.048,,30800.0,240,37
226,2024-01-21 14:59:44.529,,57750.0,241,37
227,2024-01-21 16:23:57.390,,102165.0,197,38
228,2024-01-21 16:23:57.426,,123000.0,242,38
229,2024-01-22 12:05:57.981,,102165.0,232,39
230,2024-01-23 10:50:23.166,,52800.0,247,40
231,2024-01-23 10:50:23.196,,61500.0,245,40
232,2024-01-23 10:50:23.234,,39750.0,246,40
233,2024-01-23 14:59:05.790,,79500.0,243,41
234,2024-01-23 15:04:57.196,,91500.0,249,42
235,2024-01-24 00:34:56.050,,105600.0,250,43
236,2024-01-24 00:42:05.672,,123000.0,251,44
237,2024-01-24 01:00:10.509,,67500.0,252,45
238,2024-01-24 01:00:10.552,,73600.0,253,45
239,2024-01-24 01:00:10.589,,73600.0,254,45
240,2024-01-24 01:20:04.995,,147200.0,256,46
241,2024-01-24 01:20:05.024,,66750.0,255,46
243,2024-01-25 13:58:44.566,,91500.0,270,47
244,2024-01-26 18:56:24.328,,30800.0,273,48
245,2024-01-26 18:56:24.355,,67500.0,274,48
246,2024-01-27 00:44:42.242,,492000.0,277,49
247,2024-01-27 00:44:42.263,,45750.0,278,49
248,2024-01-27 00:44:42.285,,136500.0,279,49
249,2024-01-27 00:44:42.304,,88500.0,276,49
250,2024-01-27 00:44:42.324,,164850.0,283,49
251,2024-01-27 00:44:42.343,,105600.0,280,49
252,2024-01-28 12:42:12.014,,109500.0,326,26
309,2024-02-10 15:02:20.279,,52800.0,445,67
310,2024-02-10 15:13:20.963,,52800.0,447,68
253,2024-01-28 12:45:57.474,,47700.0,335,26
254,2024-01-28 14:54:02.313,,61500.0,341,50
255,2024-01-28 14:54:02.346,,4350.0,343,50
256,2024-01-28 15:31:07.428,,120000.0,345,37
257,2024-01-28 15:33:29.595,,25000.0,346,37
260,2024-01-29 12:36:29.267,,116250.0,364,51
261,2024-01-29 12:36:29.320,,61500.0,365,51
262,2024-01-29 19:44:41.762,,30800.0,371,52
263,2024-01-29 19:44:41.784,,61500.0,356,52
311,2024-02-11 15:06:43.334,,200000.0,448,69
295,2024-02-09 21:18:21.508,,45750.0,430,62
264,2024-01-31 14:33:34.977,,123000.0,366,53
265,2024-02-01 13:09:02.603,,123000.0,374,54
266,2024-02-05 10:52:03.497,,70800.0,386,55
267,2024-02-05 10:52:03.547,,42750.0,387,55
268,2024-02-05 10:52:03.575,,108000.0,382,55
269,2024-02-05 10:52:03.604,,73500.0,383,55
270,2024-02-05 11:26:03.362,,73500.0,390,56
271,2024-02-05 11:26:03.395,,70800.0,391,56
272,2024-02-05 11:26:03.429,,42750.0,388,56
274,2024-02-05 13:00:45.890,,42750.0,393,57
275,2024-02-05 13:00:45.925,,70800.0,395,57
276,2024-02-05 13:00:45.964,,73500.0,394,57
277,2024-02-05 13:00:45.999,,108000.0,392,57
278,2024-02-06 12:01:51.765,,19200.0,408,58
279,2024-02-06 12:01:51.803,,144000.0,410,58
280,2024-02-06 12:01:51.832,,109500.0,409,58
281,2024-02-06 12:01:51.863,,98694.0,406,58
282,2024-02-06 12:01:51.895,,122700.0,405,58
283,2024-02-06 12:01:51.927,,69750.0,407,58
285,2024-02-06 23:39:53.840,,61500.0,412,59
296,2024-02-09 21:18:21.551,,104475.0,431,62
299,2024-02-09 22:27:54.874,,69950.0,434,63
312,2024-02-11 15:06:43.373,,61500.0,449,69
313,2024-02-11 15:06:43.405,,80250.0,450,69
304,2024-02-10 13:50:19.163,,108279.0,440,65
305,2024-02-10 13:50:19.199,,262880.0,443,65
306,2024-02-10 13:50:19.232,,168000.0,441,65
307,2024-02-10 13:50:19.259,,168000.0,442,65
314,2024-02-11 15:27:08.470,,69950.0,451,70
315,2024-02-11 15:27:08.514,,116800.0,452,70
316,2024-02-11 15:30:24.922,,57240.0,453,71
319,2024-02-12 09:10:09.241,,149850.0,456,72
320,2024-02-12 09:47:09.199,,216000.0,457,73
321,2024-02-12 17:28:07.265,,113685.0,458,74
322,2024-02-12 22:28:47.802,,61500.0,459,72
323,2024-02-13 11:17:06.669,,69950.0,460,64
324,2024-02-13 11:18:01.885,,113685.0,461,64
326,2024-02-13 11:19:10.353,,116250.0,463,64
329,2024-02-13 11:21:58.509,,72000.0,466,64
331,2024-02-13 12:14:24.737,,119775.0,468,59
332,2024-02-13 15:01:19.020,,111300.0,471,74
333,2024-02-13 15:12:15.883,,115752.0,472,74
334,2024-02-13 15:20:14.635,,61500.0,473,75
335,2024-02-13 18:20:19.289,,79500.0,481,76
336,2024-02-13 18:20:19.311,,34980.0,477,76
330,2024-02-13 11:22:45.147,2024-03-20 10:28:52.749,123000.0,467,64
337,2024-02-13 18:20:19.330,,48000.0,475,76
338,2024-02-13 18:20:19.351,,59175.0,479,76
339,2024-02-13 18:20:19.373,,104475.0,478,76
340,2024-02-13 18:20:19.396,,111141.0,486,76
341,2024-02-13 18:20:19.414,,48000.0,476,76
436,2024-02-25 17:55:08.852,,70800.0,625,105
437,2024-02-25 17:55:08.885,,38160.0,624,105
345,2024-02-14 11:29:41.440,,90506.0,506,77
346,2024-02-14 11:29:41.484,,69950.0,507,77
347,2024-02-15 09:36:11.872,,34950.0,512,78
348,2024-02-15 09:36:11.893,,44250.0,510,78
349,2024-02-15 09:36:11.914,,45750.0,511,78
438,2024-02-25 17:55:08.913,,34980.0,622,105
350,2024-02-15 09:52:02.818,,166000.0,513,77
351,2024-02-15 09:55:22.672,,45750.0,514,79
352,2024-02-15 09:55:22.697,,34950.0,515,79
353,2024-02-15 10:08:55.182,,27000.0,516,70
354,2024-02-15 12:12:26.891,,45750.0,517,80
355,2024-02-15 12:12:26.916,,34950.0,518,80
356,2024-02-16 23:15:25.244,,44250.0,521,81
357,2024-02-16 23:15:25.272,,255936.0,524,81
358,2024-02-16 23:15:25.297,,101124.0,523,81
359,2024-02-16 23:15:25.328,,154230.0,520,81
360,2024-02-16 23:15:25.358,,133401.0,522,81
361,2024-02-17 08:28:08.724,,73600.0,525,82
362,2024-02-18 11:23:20.446,,116800.0,526,83
364,2024-02-18 14:18:29.455,,61500.0,528,84
365,2024-02-18 14:18:29.494,,47700.0,529,84
366,2024-02-18 14:18:29.531,,69950.0,530,84
367,2024-02-18 15:21:58.592,,45750.0,532,85
368,2024-02-18 15:21:58.617,,34950.0,531,85
369,2024-02-18 16:24:21.100,,262880.0,533,83
371,2024-02-19 11:24:23.752,,19200.0,535,86
372,2024-02-19 11:24:23.789,,80250.0,536,86
374,2024-02-19 11:29:40.234,,164327.0,538,86
439,2024-02-25 17:55:08.945,,39750.0,621,105
375,2024-02-19 22:22:29.805,,52800.0,543,87
376,2024-02-20 08:09:46.568,,48000.0,547,88
377,2024-02-20 08:09:46.599,,73500.0,549,88
378,2024-02-20 08:09:46.623,,62250.0,550,88
379,2024-02-20 08:09:46.648,,48000.0,546,88
380,2024-02-20 08:09:46.669,,34980.0,548,88
381,2024-02-20 08:09:46.691,,111300.0,545,88
382,2024-02-20 08:09:46.717,,79500.0,551,88
440,2024-02-25 22:07:43.097,,61500.0,652,106
383,2024-02-20 12:43:42.784,,72000.0,552,89
384,2024-02-20 12:43:42.831,,113685.0,553,89
385,2024-02-20 12:43:42.864,,28620.0,554,89
386,2024-02-20 12:44:51.594,,52800.0,555,89
387,2024-02-20 12:45:18.092,,34980.0,556,89
441,2024-02-25 22:07:43.124,,6900.0,650,106
389,2024-02-20 13:19:26.011,,96672.0,558,89
442,2024-02-25 22:07:43.150,,23850.0,649,106
390,2024-02-20 15:22:30.045,,25500.0,559,83
391,2024-02-20 17:46:11.161,,52800.0,544,90
392,2024-02-20 17:46:11.178,,88500.0,560,90
393,2024-02-20 22:41:25.238,,45750.0,573,91
394,2024-02-20 22:41:25.255,,34950.0,572,91
395,2024-02-21 11:39:25.392,,44250.0,574,92
396,2024-02-21 11:39:25.416,,34950.0,575,92
397,2024-02-21 15:03:42.611,,105417.0,576,93
398,2024-02-21 15:03:42.658,,57240.0,577,93
399,2024-02-21 15:04:37.100,,101124.0,578,93
400,2024-02-21 15:05:22.826,,69950.0,579,93
443,2024-02-25 22:07:43.189,,60300.0,651,106
402,2024-02-21 15:09:54.156,,61500.0,581,93
403,2024-02-21 21:59:14.336,,45750.0,583,94
404,2024-02-21 21:59:14.367,,34950.0,582,94
405,2024-02-22 08:37:50.402,,113685.0,584,95
406,2024-02-22 09:36:50.183,,96672.0,585,96
407,2024-02-22 09:36:50.227,,69950.0,586,96
408,2024-02-22 09:37:40.423,,23850.0,587,96
409,2024-02-22 09:55:36.735,,69000.0,588,97
411,2024-02-22 09:58:40.293,,87762.0,590,97
444,2024-02-25 22:07:43.210,,15264.0,648,106
412,2024-02-22 09:59:53.482,,132606.0,591,96
414,2024-02-22 10:38:22.551,,88245.0,593,63
415,2024-02-22 10:42:39.036,,111300.0,594,63
416,2024-02-22 13:11:34.337,,84750.0,595,95
420,2024-02-22 14:16:53.822,,4350.0,599,98
421,2024-02-22 14:40:19.113,,262880.0,602,99
422,2024-02-22 14:40:19.139,,33600.0,600,99
423,2024-02-22 14:40:19.167,,14550.0,601,99
424,2024-02-23 22:16:14.954,,105417.0,606,100
425,2024-02-23 22:28:08.172,,40200.0,607,101
426,2024-02-23 22:28:08.212,,115752.0,608,101
428,2024-02-23 22:39:26.178,,55650.0,610,102
429,2024-02-24 09:24:50.473,,61500.0,611,103
430,2024-02-24 09:24:50.514,,78000.0,612,103
431,2024-02-24 09:24:50.556,,93810.0,613,103
432,2024-02-24 12:55:03.780,,116800.0,614,104
433,2024-02-24 12:55:03.819,,28800.0,615,104
434,2024-02-24 12:55:03.850,,47250.0,616,104
435,2024-02-24 12:55:03.885,,73600.0,617,104
452,2024-02-26 11:55:01.736,,246000.0,663,107
447,2024-02-26 00:28:27.840,,111300.0,658,108
448,2024-02-26 00:28:27.882,,55650.0,659,108
449,2024-02-26 00:29:39.459,,55650.0,660,107
450,2024-02-26 00:30:56.632,,52800.0,661,107
455,2024-02-26 14:18:24.923,,14550.0,666,98
453,2024-02-26 13:50:07.838,,21750.0,664,98
454,2024-02-26 14:17:42.586,,55650.0,665,98
461,2024-02-27 16:46:47.447,,101124.0,680,109
466,2024-02-28 10:26:11.261,,193344.0,685,110
468,2024-02-28 11:44:50.262,,243000.0,687,111
469,2024-02-28 11:45:54.237,,28800.0,688,111
470,2024-02-28 12:18:27.581,,56250.0,689,112
471,2024-02-28 12:18:27.635,,117000.0,690,112
472,2024-02-28 12:48:25.000,,55650.0,691,110
474,2024-02-28 13:21:42.039,,15264.0,693,112
475,2024-02-28 16:47:12.970,,96672.0,694,112
477,2024-02-29 11:29:56.672,,35775.0,696,111
478,2024-02-29 11:35:48.858,,52800.0,697,113
479,2024-02-29 11:37:26.802,,15264.0,698,111
480,2024-02-29 11:44:39.957,,105417.0,699,114
481,2024-02-29 11:44:40.022,,69000.0,700,114
482,2024-02-29 11:45:29.978,,46110.0,701,114
483,2024-02-29 11:46:29.139,,96672.0,702,114
484,2024-02-29 11:46:51.785,,116800.0,703,114
485,2024-02-29 11:47:16.507,,25500.0,704,114
486,2024-02-29 11:47:38.774,,68800.0,705,114
487,2024-02-29 11:53:30.357,,34980.0,706,114
488,2024-02-29 11:55:25.671,,103350.0,707,114
489,2024-02-29 12:34:17.623,,208000.0,708,115
490,2024-02-29 12:34:17.694,,108279.0,709,115
491,2024-02-29 12:37:36.991,,32595.0,710,114
567,2024-03-11 13:59:11.521,,57240.0,800,136
493,2024-03-03 23:18:48.546,,96672.0,722,116
494,2024-03-03 23:18:48.589,,93810.0,723,116
495,2024-03-03 23:18:48.626,,111300.0,724,116
496,2024-03-03 23:18:48.668,,23850.0,725,116
499,2024-03-06 09:54:38.048,,176850.0,730,118
501,2024-03-06 11:56:24.891,,68850.0,733,95
503,2024-03-06 14:08:11.769,,30750.0,735,119
504,2024-03-06 14:42:15.304,,118350.0,736,120
505,2024-03-06 14:43:44.634,,55650.0,737,120
506,2024-03-06 14:44:07.179,,10176.0,738,120
507,2024-03-06 14:44:31.798,,79341.0,739,120
508,2024-03-06 15:09:29.213,,62250.0,740,121
509,2024-03-06 15:09:29.260,,90506.0,741,121
510,2024-03-06 15:11:30.461,,38160.0,742,117
594,2024-03-13 13:58:18.381,,169600.0,827,144
511,2024-03-06 15:14:45.724,,69750.0,743,121
512,2024-03-06 15:15:10.010,,80325.0,744,121
513,2024-03-06 15:44:47.209,,57240.0,745,117
514,2024-03-06 15:57:14.083,,80250.0,746,117
515,2024-03-06 16:04:48.292,,35775.0,747,119
517,2024-03-06 16:31:42.947,,108279.0,749,122
518,2024-03-06 16:32:02.966,,111300.0,750,122
519,2024-03-06 16:33:16.002,,62250.0,751,122
520,2024-03-06 16:33:34.348,,47700.0,752,122
521,2024-03-07 10:19:58.936,,143100.0,753,123
522,2024-03-07 10:19:58.965,,237000.0,618,123
523,2024-03-07 11:07:09.555,,118720.0,754,124
525,2024-03-07 12:07:13.567,,115752.0,756,125
526,2024-03-07 12:07:13.701,,40200.0,757,125
527,2024-03-07 12:08:48.497,,82500.0,758,126
529,2024-03-07 15:13:03.662,,61500.0,727,127
530,2024-03-07 16:26:20.669,,105417.0,760,128
531,2024-03-07 16:26:20.712,,79341.0,761,128
532,2024-03-07 16:26:20.747,,47700.0,762,128
533,2024-03-07 16:26:20.786,,61500.0,763,128
534,2024-03-08 22:04:20.009,,61500.0,764,129
536,2024-03-09 10:45:33.488,,79341.0,766,131
537,2024-03-09 10:45:33.526,,113685.0,767,131
538,2024-03-09 13:45:00.452,,143100.0,768,128
541,2024-03-09 13:49:32.815,,88484.0,771,124
542,2024-03-09 14:06:05.146,,150000.0,772,122
544,2024-03-09 14:32:01.037,,34980.0,774,132
595,2024-03-13 13:58:56.260,,33600.0,828,144
570,2024-03-12 09:48:53.641,,111300.0,803,136
548,2024-03-09 14:57:43.174,,28800.0,778,133
550,2024-03-09 15:00:06.455,,49210.0,780,121
551,2024-03-09 15:09:42.214,,103350.0,781,133
596,2024-03-14 09:14:23.420,,82500.0,829,139
552,2024-03-09 15:37:43.629,,76500.0,782,126
571,2024-03-12 09:54:43.192,,95400.0,804,136
554,2024-03-09 16:49:07.148,,143100.0,784,132
555,2024-03-10 09:34:27.578,,101760.0,785,130
572,2024-03-12 11:58:19.550,,61500.0,805,137
574,2024-03-13 00:25:44.538,,57240.0,807,138
575,2024-03-13 00:25:44.595,,61500.0,808,138
560,2024-03-10 11:01:21.858,,91500.0,790,130
561,2024-03-10 11:18:23.691,,118350.0,791,134
576,2024-03-13 00:54:07.945,,44250.0,809,102
562,2024-03-11 10:22:23.524,,108279.0,793,135
563,2024-03-11 10:22:23.562,,79341.0,794,135
564,2024-03-11 10:26:51.344,,47700.0,795,135
565,2024-03-11 13:58:24.622,,153000.0,798,136
577,2024-03-13 06:55:30.414,,127968.0,810,139
578,2024-03-13 06:55:30.445,,66750.0,811,139
579,2024-03-13 06:55:30.476,,44250.0,812,139
599,2024-03-14 10:12:14.658,,101124.0,832,140
583,2024-03-13 10:13:46.531,,103350.0,816,135
597,2024-03-14 09:25:50.647,,82500.0,830,138
585,2024-03-13 12:03:43.382,,62805.0,818,141
586,2024-03-13 12:03:43.411,,5565.0,819,141
587,2024-03-13 12:03:43.447,,34950.0,820,141
588,2024-03-13 12:13:44.002,,123000.0,821,142
589,2024-03-13 12:13:44.044,,109500.0,822,142
590,2024-03-13 12:13:44.084,,88245.0,823,142
591,2024-03-13 12:13:44.120,,144750.0,824,142
601,2024-03-14 10:13:09.212,,47700.0,834,140
602,2024-03-14 11:46:38.238,,57240.0,837,145
600,2024-03-14 10:12:49.253,,79341.0,833,140
604,2024-03-14 12:39:19.924,,21750.0,839,144
607,2024-03-14 15:03:20.181,,35775.0,845,146
608,2024-03-14 15:03:20.207,,44758.0,846,146
609,2024-03-14 15:03:20.235,,101760.0,847,146
610,2024-03-16 10:17:30.163,,136500.0,848,147
611,2024-03-16 10:17:30.195,,35775.0,849,147
612,2024-03-16 12:43:58.367,,103350.0,850,148
613,2024-03-16 15:26:41.024,,19875.0,851,149
614,2024-03-16 15:26:41.067,,84750.0,852,149
615,2024-03-16 15:27:04.789,,8586.0,853,149
616,2024-03-16 15:55:33.607,,113685.0,854,150
617,2024-03-16 15:56:16.872,,79341.0,855,150
618,2024-03-17 09:51:02.633,,81000.0,856,144
619,2024-03-17 10:35:11.071,,73600.0,858,151
620,2024-03-17 10:42:46.621,,65250.0,859,152
621,2024-03-17 10:42:46.651,,88484.0,860,152
622,2024-03-17 10:42:46.677,,35775.0,861,152
623,2024-03-17 12:29:44.480,,54060.0,862,119
624,2024-03-17 12:30:23.826,,122250.0,863,119
625,2024-03-17 13:13:04.319,,65250.0,864,153
626,2024-03-17 13:13:04.345,,115200.0,865,153
627,2024-03-17 13:13:04.371,,18921.0,866,153
629,2024-03-17 14:06:31.465,,80250.0,868,154
630,2024-03-17 14:07:03.827,,127500.0,869,154
631,2024-03-17 14:33:08.770,,172800.0,870,155
632,2024-03-17 14:40:12.202,,172800.0,871,156
633,2024-03-18 09:41:01.511,,211200.0,872,143
634,2024-03-18 10:00:34.950,,228960.0,873,154
635,2024-03-18 10:02:27.042,,166950.0,874,154
636,2024-03-18 10:07:00.361,,44096.0,875,124
637,2024-03-18 10:20:57.113,,123000.0,876,154
638,2024-03-18 11:05:30.026,,5724.0,877,150
639,2024-03-18 11:19:31.123,,77751.0,878,150
640,2024-03-18 12:07:48.902,,96672.0,879,151
641,2024-03-19 11:02:48.186,,109500.0,881,157
642,2024-03-19 11:02:48.220,,14981.0,882,157
643,2024-03-19 11:17:21.285,,88484.0,883,157
644,2024-03-19 11:18:33.837,,52800.0,884,157
645,2024-03-19 12:47:03.706,,69000.0,885,158
646,2024-03-19 12:49:10.395,,150000.0,886,159
647,2024-03-19 12:50:23.847,,118720.0,887,159
648,2024-03-19 13:06:59.139,,178080.0,888,159
649,2024-03-19 13:49:09.548,,48000.0,889,158
650,2024-03-19 14:00:39.900,,57240.0,890,160
651,2024-03-19 14:00:39.929,,88245.0,891,160
652,2024-03-20 11:07:55.206,,77751.0,892,161
653,2024-03-20 11:07:55.236,,88245.0,893,161
654,2024-03-20 11:07:55.263,,109500.0,894,161
655,2024-03-20 12:07:54.693,,14550.0,895,162
656,2024-03-20 12:07:54.741,,38160.0,896,162
657,2024-03-20 12:07:54.783,,133401.0,897,162
659,2024-03-20 14:37:03.395,,88484.0,899,163
660,2024-03-21 11:32:13.561,,88245.0,901,164
661,2024-03-21 11:32:13.611,,136500.0,902,164
662,2024-03-21 12:16:57.230,,69000.0,903,165
663,2024-03-21 12:16:57.276,,90506.0,904,165
664,2024-03-21 12:16:57.321,,52500.0,905,165
665,2024-03-23 10:55:32.189,,43500.0,906,166
666,2024-03-23 10:55:32.227,,74550.0,907,166
667,2024-03-23 10:55:32.259,,88245.0,908,166
668,2024-03-23 14:56:49.573,,74624.0,909,167
669,2024-03-23 15:01:46.435,,33390.0,910,167
670,2024-03-24 09:17:16.956,,123000.0,911,130
671,2024-03-24 09:58:32.069,,237000.0,912,168
672,2024-03-24 10:51:11.625,,61500.0,913,169
673,2024-03-24 10:51:11.664,,34950.0,914,169
674,2024-03-24 10:51:11.697,,73140.0,915,169
675,2024-03-24 10:51:11.728,,72000.0,916,169
676,2024-03-24 10:51:11.762,,113685.0,917,169
677,2024-03-24 10:51:11.788,,116250.0,918,169
678,2024-03-24 11:30:24.264,,123808.0,919,163
679,2024-03-24 13:20:30.793,,127500.0,920,170
680,2024-03-24 13:48:36.828,,57750.0,921,170
681,2024-03-25 10:05:42.428,,166950.0,922,171
682,2024-03-25 12:08:25.354,,73140.0,924,172
683,2024-03-25 12:08:25.395,,113685.0,925,172
685,2024-03-25 12:43:44.200,,135000.0,927,173
686,2024-03-25 12:43:44.222,,66750.0,928,173
687,2024-03-25 13:30:11.765,,15264.0,931,172
688,2024-03-25 15:40:46.394,,115752.0,942,174
689,2024-03-25 15:40:46.415,,109500.0,939,174
690,2024-03-25 15:40:46.437,,73140.0,938,174
691,2024-03-25 15:40:46.458,,135680.0,941,174
692,2024-03-25 15:40:46.479,,88484.0,940,174
693,2024-03-26 11:08:58.186,,48000.0,946,175
694,2024-03-26 11:08:58.222,,88484.0,947,175
695,2024-03-26 11:08:58.257,,43500.0,948,175
696,2024-03-26 13:39:25.988,,114480.0,949,176
697,2024-03-26 13:39:26.020,,48000.0,950,176
698,2024-03-26 14:05:20.952,,80250.0,951,177
699,2024-03-26 14:05:20.989,,109500.0,952,177
700,2024-03-26 14:05:21.021,,101124.0,953,177
701,2024-03-26 14:05:21.053,,67500.0,954,177
702,2024-03-26 14:05:21.085,,30750.0,955,177
704,2024-03-26 14:05:21.145,,34980.0,957,177
708,2024-03-27 10:56:22.435,,104475.0,961,178
709,2024-03-27 10:56:38.650,,56250.0,962,178
724,2024-03-31 13:19:19.329,,91500.0,981,186
711,2024-03-27 13:22:50.134,,103350.0,965,179
712,2024-03-27 14:05:44.740,,93810.0,966,180
713,2024-03-27 14:05:44.770,,96672.0,967,180
714,2024-03-27 14:08:00.285,,88245.0,968,181
716,2024-03-28 12:39:48.335,,243000.0,923,182
717,2024-03-29 12:26:50.460,,320160.0,974,183
718,2024-03-30 12:37:38.132,,105417.0,975,184
719,2024-03-31 11:20:36.430,,40200.0,976,175
720,2024-03-31 12:20:52.026,,19080.0,977,111
721,2024-03-31 12:21:12.512,,19080.0,978,111
725,2024-03-31 13:19:19.377,,81000.0,982,186
726,2024-03-31 13:53:19.695,,80325.0,983,185
727,2024-03-31 13:53:40.109,,33600.0,984,185
728,2024-03-31 13:53:58.101,,143100.0,985,185
731,2024-03-31 13:54:50.234,,69750.0,988,185
732,2024-03-31 14:13:18.203,,32224.0,989,111
733,2024-04-01 13:16:58.197,,52800.0,990,184
734,2024-04-02 11:16:28.480,,80250.0,991,187
735,2024-04-02 11:18:19.795,,4350.0,992,187
736,2024-04-02 11:18:35.804,,8586.0,993,187
737,2024-04-02 11:24:26.004,,5565.0,994,187
738,2024-04-02 11:24:38.080,,14981.0,995,187
739,2024-04-02 11:25:59.546,,18921.0,996,187
740,2024-04-02 13:20:44.074,,73600.0,997,188
741,2024-04-02 13:20:44.139,,123808.0,998,188
742,2024-04-02 13:21:05.001,,32224.0,999,188
743,2024-04-02 13:41:58.854,,88484.0,1000,186
745,2024-04-02 15:20:17.864,,103350.0,1003,189
746,2024-04-02 15:20:17.893,,74550.0,1019,189
747,2024-04-02 15:20:17.920,,88484.0,1015,189
748,2024-04-02 15:20:17.948,,76500.0,1002,189
750,2024-04-02 15:20:18.017,,69000.0,1010,189
751,2024-04-02 15:33:56.159,,144750.0,1021,190
752,2024-04-02 15:35:13.388,,46500.0,1022,190
753,2024-04-02 16:57:28.973,,90506.0,1025,191
754,2024-04-02 16:57:29.004,,43500.0,1023,191
755,2024-04-02 16:57:29.034,,56700.0,1024,191
759,2024-04-02 22:06:20.765,,43500.0,1030,193
760,2024-04-02 22:06:20.802,,65325.0,1032,193
761,2024-04-02 22:06:20.833,,90506.0,1029,193
762,2024-04-02 23:37:05.395,,184500.0,1033,194
863,2024-04-22 09:58:21.583,,102714.0,1157,223
766,2024-04-03 15:01:39.375,,70800.0,1041,195
864,2024-04-22 13:05:54.069,,34980.0,1158,226
768,2024-04-03 16:06:20.043,,113685.0,1050,196
769,2024-04-03 16:06:20.068,,130062.0,1049,196
770,2024-04-03 16:06:20.093,,69750.0,1046,196
771,2024-04-03 16:06:20.121,,44758.0,1045,196
772,2024-04-03 16:06:20.146,,166950.0,1044,196
774,2024-04-03 16:16:03.163,,113685.0,1037,197
840,2024-04-17 16:59:59.168,,72000.0,1133,215
841,2024-04-18 10:29:50.159,,103350.0,1134,218
777,2024-04-04 11:00:47.657,,47700.0,1058,142
778,2024-04-04 16:16:29.392,,46110.0,1059,195
843,2024-04-18 10:58:01.278,,166950.0,1136,219
865,2024-04-22 13:05:54.114,,52800.0,1159,226
781,2024-04-06 11:34:58.835,,114480.0,1062,199
782,2024-04-06 11:34:58.880,,96750.0,1063,199
783,2024-04-06 13:07:42.459,,46110.0,1064,192
844,2024-04-18 11:04:12.099,,85860.0,1137,218
845,2024-04-18 11:09:50.076,,22260.0,1138,218
784,2024-04-06 14:05:44.688,,95935.0,1066,192
785,2024-04-06 14:07:29.158,,56700.0,1067,192
846,2024-04-18 11:13:11.402,,111141.0,1139,218
786,2024-04-06 14:18:25.566,,95220.0,1068,200
787,2024-04-06 14:18:25.610,,80250.0,1069,200
788,2024-04-06 14:18:25.648,,166950.0,1070,200
789,2024-04-06 14:18:25.684,,47700.0,1071,200
790,2024-04-06 15:55:43.459,,69165.0,1072,201
791,2024-04-06 15:55:43.508,,103500.0,1073,201
793,2024-04-07 04:00:57.456,,122430.0,1075,198
847,2024-04-18 15:22:53.680,,69960.0,1140,188
794,2024-04-08 11:15:39.556,,158400.0,1076,202
848,2024-04-18 15:23:16.941,,35102.0,1141,188
796,2024-04-13 01:36:09.925,,221486.0,1083,203
797,2024-04-13 01:36:09.966,,341055.0,1084,203
798,2024-04-13 01:36:10.021,,320160.0,1079,203
799,2024-04-13 01:36:10.085,,114480.0,1085,203
800,2024-04-14 10:45:02.123,,52800.0,1088,204
801,2024-04-14 10:45:02.159,,184500.0,1089,204
802,2024-04-14 10:45:02.195,,133401.0,1090,204
803,2024-04-14 11:03:23.309,,184500.0,1092,205
804,2024-04-14 11:03:23.338,,52800.0,1093,205
805,2024-04-14 11:03:23.381,,133401.0,1091,205
806,2024-04-14 13:07:18.714,,61500.0,1097,206
807,2024-04-14 13:07:18.762,,52800.0,1098,206
866,2024-04-22 13:08:11.206,,22260.0,1160,226
809,2024-04-14 15:46:50.229,,105417.0,1100,178
849,2024-04-20 11:08:00.449,,65325.0,1143,220
811,2024-04-15 13:20:57.497,,143100.0,1102,207
812,2024-04-15 13:20:57.540,,123000.0,1103,207
814,2024-04-15 13:20:57.607,,115200.0,1105,207
815,2024-04-15 14:01:19.955,,114480.0,1106,208
816,2024-04-15 14:01:19.990,,35478.0,1107,208
817,2024-04-15 14:01:20.025,,61500.0,1108,208
818,2024-04-15 17:11:19.297,,61500.0,1109,209
819,2024-04-15 18:08:41.533,,103500.0,1111,210
820,2024-04-15 18:08:41.566,,35478.0,1112,210
821,2024-04-15 18:08:41.597,,106530.0,1113,210
822,2024-04-15 18:08:41.634,,46110.0,1114,210
823,2024-04-16 10:50:20.081,,48000.0,1115,190
824,2024-04-16 10:52:39.869,,77751.0,1116,190
825,2024-04-16 11:51:53.727,,52500.0,1118,211
826,2024-04-16 15:40:09.251,,195411.0,1119,212
827,2024-04-16 16:38:41.971,,106530.0,1120,213
828,2024-04-16 16:38:42.014,,80325.0,1121,213
829,2024-04-16 16:38:42.065,,45750.0,1122,213
830,2024-04-16 17:29:04.847,,101124.0,1123,214
831,2024-04-16 17:29:04.891,,69960.0,1124,214
832,2024-04-16 17:29:04.934,,122250.0,1125,214
833,2024-04-17 16:07:44.830,,105417.0,1126,215
835,2024-04-17 16:30:38.277,,88245.0,1128,216
836,2024-04-17 16:30:38.316,,75750.0,1129,216
837,2024-04-17 16:39:47.935,,80250.0,1130,217
838,2024-04-17 16:39:47.969,,44250.0,1131,217
850,2024-04-20 15:12:18.016,,122250.0,1144,221
851,2024-04-20 15:12:18.061,,78000.0,1145,221
852,2024-04-20 18:55:03.559,,61500.0,1146,222
853,2024-04-21 12:42:59.520,,166950.0,1147,190
855,2024-04-21 17:21:45.757,,228960.0,1149,224
856,2024-04-21 17:21:46.026,,160500.0,1150,224
857,2024-04-21 17:21:46.271,,227370.0,1151,224
858,2024-04-21 19:04:40.071,,105417.0,1152,225
859,2024-04-21 19:04:40.118,,88484.0,1153,225
860,2024-04-21 19:04:40.162,,102714.0,1154,225
861,2024-04-22 09:56:10.032,,88484.0,1155,223
867,2024-04-23 11:44:23.740,,57240.0,1163,227
862,2024-04-22 09:57:26.400,,105417.0,1156,223
868,2024-04-23 11:44:23.796,,39000.0,1164,227
869,2024-04-23 11:44:23.846,,52800.0,1165,227
870,2024-04-23 11:44:23.883,,80250.0,1166,227
871,2024-04-23 12:43:40.476,,52800.0,1168,228
872,2024-04-23 12:43:40.518,,61500.0,1167,228
873,2024-04-23 12:48:55.929,,103500.0,1169,229
874,2024-04-24 10:58:40.323,,120600.0,1171,230
875,2024-04-24 10:58:40.380,,88484.0,1172,230
876,2024-04-24 10:58:40.439,,34980.0,1173,230
877,2024-04-24 10:58:40.491,,43725.0,1174,230
878,2024-04-24 10:58:40.548,,111141.0,1175,230
881,2024-04-24 15:11:21.684,,65250.0,1178,231
882,2024-04-24 15:12:51.457,,53265.0,1179,231
813,2024-04-15 13:20:57.574,,135380.0,1104,207
884,2024-04-24 15:42:14.699,,61500.0,1181,232
885,2024-04-24 15:48:51.656,,37800.0,1184,232
886,2024-04-24 15:58:08.176,,114480.0,1185,233
887,2024-04-24 15:58:08.218,,115752.0,1186,233
888,2024-04-24 15:58:08.262,,26617.0,1187,233
889,2024-04-24 15:58:08.314,,21750.0,1188,233
890,2024-04-24 15:58:08.368,,79341.0,1189,233
891,2024-04-24 16:45:05.835,,103500.0,1190,234
894,2024-04-24 16:45:05.998,,103350.0,1193,234
895,2024-04-24 17:51:45.509,,34980.0,1194,229
896,2024-04-25 10:48:21.665,,80250.0,1195,235
898,2024-04-25 10:48:21.754,,99852.0,1197,235
899,2024-04-25 11:06:20.398,,78000.0,1198,235
981,2024-05-09 11:19:46.382,,68800.0,1291,260
900,2024-04-25 12:53:19.793,,180900.0,1202,236
901,2024-04-25 12:53:19.831,,84270.0,1201,236
902,2024-04-25 12:53:19.874,,228960.0,1200,236
903,2024-04-25 12:53:19.906,,231250.0,1199,236
904,2024-04-25 15:33:37.932,,82680.0,1207,231
905,2024-04-25 15:38:00.741,,96750.0,1208,231
906,2024-04-25 15:40:39.977,,27750.0,1209,231
907,2024-04-25 16:43:29.035,,231250.0,1206,237
908,2024-04-25 16:43:29.077,,114480.0,1203,237
909,2024-04-25 16:43:29.115,,60300.0,1205,237
910,2024-04-25 16:43:29.151,,84270.0,1204,237
911,2024-04-25 18:37:55.657,,70800.0,1210,238
912,2024-04-25 18:37:55.704,,170130.0,1211,238
913,2024-04-25 18:37:55.743,,61500.0,1212,238
914,2024-04-25 18:37:55.789,,35478.0,1213,238
915,2024-04-27 17:54:05.630,,126961.0,1215,239
916,2024-04-27 17:54:50.454,,55650.0,1216,239
917,2024-04-27 18:06:28.935,,96036.0,1217,239
918,2024-04-28 10:34:24.234,,75750.0,1218,240
920,2024-04-28 14:53:18.291,,21750.0,1220,241
921,2024-04-28 15:28:29.245,,143100.0,1221,241
922,2024-04-29 16:30:15.231,,114480.0,1222,240
923,2024-04-29 17:38:31.440,,96672.0,1223,242
924,2024-04-29 17:38:31.476,,79341.0,1224,242
925,2024-04-29 17:38:31.512,,15264.0,1225,242
926,2024-04-29 17:38:31.550,,48000.0,1226,242
927,2024-04-29 17:38:31.592,,80250.0,1227,242
928,2024-04-30 12:27:43.365,,113685.0,1228,243
929,2024-04-30 12:27:43.412,,130062.0,1229,243
930,2024-04-30 17:54:01.044,,73600.0,1230,242
931,2024-05-02 12:30:36.212,,103350.0,1233,244
932,2024-05-02 12:30:36.259,,54000.0,1234,244
933,2024-05-02 12:30:36.300,,48000.0,1235,244
934,2024-05-02 12:30:36.336,,68800.0,1236,244
935,2024-05-02 16:42:44.854,,118343.0,1237,245
936,2024-05-02 17:21:24.629,,130095.0,1238,245
937,2024-05-03 20:36:43.546,,123000.0,1240,246
938,2024-05-04 12:34:18.355,,143100.0,1241,247
941,2024-05-04 13:15:37.439,,123000.0,1244,248
942,2024-05-04 17:38:43.672,,105600.0,1245,249
943,2024-05-05 11:45:17.598,,333900.0,1246,250
944,2024-05-05 11:45:29.034,,45000.0,1247,251
945,2024-05-05 11:45:29.077,,90506.0,1248,251
946,2024-05-05 11:45:29.117,,96672.0,1249,251
948,2024-05-05 23:17:22.209,,114480.0,1258,252
949,2024-05-05 23:17:22.240,,60300.0,1259,252
950,2024-05-05 23:17:22.268,,231250.0,1256,252
951,2024-05-05 23:17:22.298,,84270.0,1257,252
1003,2024-05-11 17:40:45.069,,166950.0,1314,266
952,2024-05-06 10:50:01.026,,88245.0,1260,247
953,2024-05-06 15:47:49.323,,74550.0,1261,253
954,2024-05-06 15:47:49.377,,76500.0,1262,253
955,2024-05-06 16:16:02.481,,166950.0,1263,254
956,2024-05-06 16:17:36.950,,47700.0,1264,254
957,2024-05-06 16:18:02.081,,46200.0,1265,254
958,2024-05-06 16:22:24.701,,88484.0,1266,255
959,2024-05-06 16:22:24.743,,113685.0,1267,255
960,2024-05-06 16:39:22.557,,61500.0,1268,251
983,2024-05-09 11:37:00.429,,150096.0,1293,260
961,2024-05-06 17:02:02.459,,55650.0,1269,254
962,2024-05-06 17:02:57.266,,76320.0,1270,254
963,2024-05-07 13:28:41.622,,114480.0,1272,256
984,2024-05-09 11:41:58.299,,130095.0,1294,260
965,2024-05-07 13:33:02.182,,114480.0,1274,257
966,2024-05-07 15:11:13.810,,40200.0,1275,247
971,2024-05-08 12:41:25.906,,162662.0,1280,259
972,2024-05-08 12:41:25.953,,87088.0,1281,259
973,2024-05-08 12:41:25.999,,14550.0,1282,259
985,2024-05-09 11:44:03.759,,21624.0,1295,260
986,2024-05-09 12:59:35.278,,192000.0,1296,260
975,2024-05-08 15:35:12.279,,75750.0,1284,258
976,2024-05-08 15:35:55.656,,79341.0,1285,258
987,2024-05-09 13:02:29.052,,105735.0,1297,260
989,2024-05-09 13:08:59.013,,22260.0,1299,260
978,2024-05-08 15:41:25.232,,52800.0,1287,258
990,2024-05-09 13:10:19.024,,169600.0,1300,260
980,2024-05-09 11:17:43.595,,118720.0,1290,260
991,2024-05-09 14:04:06.272,,27750.0,1301,261
992,2024-05-09 14:04:06.320,,81885.0,1302,261
993,2024-05-09 23:21:53.037,,114480.0,1303,262
994,2024-05-09 23:53:42.521,,114480.0,1304,263
995,2024-05-11 14:11:18.394,,114480.0,1306,264
996,2024-05-11 14:11:18.437,,6900.0,1307,264
997,2024-05-11 14:11:18.475,,152000.0,1308,264
998,2024-05-11 14:11:18.516,,143100.0,1309,264
999,2024-05-11 15:42:54.248,,80250.0,1310,265
1000,2024-05-11 15:42:54.293,,126961.0,1311,265
1001,2024-05-11 15:42:54.331,,88484.0,1312,265
1002,2024-05-11 15:42:54.369,,114480.0,1313,265
1005,2024-05-12 11:14:07.945,,216240.0,1317,267
1006,2024-05-12 11:28:30.086,,114480.0,1318,268
1007,2024-05-12 11:36:46.567,,18921.0,1319,268
1008,2024-05-12 11:37:45.236,2024-05-12 11:37:48.160,88500.0,1320,268
1009,2024-05-12 11:52:55.223,,68850.0,1322,269
1010,2024-05-12 11:52:55.258,,85860.0,1321,269
1011,2024-05-12 11:52:55.286,,114480.0,1323,269
1012,2024-05-12 11:59:15.959,,79341.0,1324,268
1013,2024-05-12 14:24:59.136,,69960.0,1325,270
1014,2024-05-12 14:24:59.190,,137515.0,1326,270
1015,2024-05-12 14:24:59.248,,52762.0,1327,270
1016,2024-05-12 15:11:15.971,,44996.0,1328,271
1017,2024-05-12 15:11:16.007,,105417.0,1117,271
1018,2024-05-12 18:14:04.773,,123000.0,1329,272
1019,2024-05-12 18:14:04.814,,143100.0,1330,272
1020,2024-05-12 18:14:04.853,,53265.0,1331,272
1021,2024-05-13 12:18:45.575,,166950.0,1332,273
1022,2024-05-13 12:18:45.607,,61500.0,1333,273
1023,2024-05-13 12:18:45.641,,34980.0,1334,273
1025,2024-05-13 13:58:15.580,,73500.0,1336,274
1028,2024-05-13 15:08:41.778,,228960.0,1339,274
1107,2024-05-27 11:23:10.381,,122250.0,1432,292
1029,2024-05-13 15:09:48.077,,65325.0,1340,274
1030,2024-05-14 10:04:48.646,,28800.0,1345,275
1031,2024-05-14 10:04:48.669,,55650.0,1347,275
1032,2024-05-14 10:04:48.698,,33231.0,1346,275
1033,2024-05-14 10:04:48.726,,114480.0,1343,275
1034,2024-05-14 10:04:48.748,,18921.0,1344,275
1035,2024-05-14 10:04:48.777,,200000.0,1342,275
1036,2024-05-14 10:04:48.802,,73950.0,1348,275
1037,2024-05-14 13:16:04.940,,68800.0,1349,276
1038,2024-05-14 13:16:59.238,,114480.0,1350,276
1039,2024-05-14 13:18:11.028,,46500.0,1351,276
1041,2024-05-15 12:14:07.515,,123000.0,1354,277
1042,2024-05-15 12:14:07.568,,69960.0,1355,277
1043,2024-05-15 12:14:07.617,,34980.0,1356,277
1135,2024-05-28 14:46:48.209,,138986.0,1460,299
1108,2024-05-27 11:36:29.985,,117000.0,1433,293
1046,2024-05-15 16:13:24.550,,25500.0,1359,264
1047,2024-05-16 10:36:17.545,,228960.0,1360,278
1048,2024-05-16 10:37:38.889,,143100.0,1361,278
1049,2024-05-16 14:50:51.069,,79341.0,1362,279
1109,2024-05-27 11:36:30.037,,62250.0,1434,293
1051,2024-05-19 12:20:44.467,,103350.0,1372,279
1110,2024-05-27 11:36:30.091,,92740.0,1435,293
1052,2024-05-19 12:21:19.028,,47700.0,1373,279
1053,2024-05-19 12:48:24.201,,108279.0,1374,279
1054,2024-05-19 14:26:04.687,,114480.0,1375,280
1055,2024-05-19 14:26:04.726,,35478.0,1376,280
1056,2024-05-19 14:26:04.766,,61500.0,1377,280
1057,2024-05-19 15:28:49.725,,62842.0,1378,278
1058,2024-05-19 17:43:15.625,,61500.0,1379,281
1059,2024-05-19 17:43:15.663,,166950.0,1380,281
1061,2024-05-19 20:05:12.418,,115752.0,1382,282
1111,2024-05-27 11:36:30.152,,61500.0,1436,293
1063,2024-05-19 20:07:45.581,,54000.0,1384,282
1064,2024-05-19 20:08:32.955,,67575.0,1385,282
1065,2024-05-19 20:16:29.060,,68370.0,1386,282
1066,2024-05-20 00:15:16.517,,18921.0,1387,274
1067,2024-05-20 17:40:05.818,,69960.0,1388,283
1068,2024-05-20 17:40:05.876,,45000.0,1389,283
1069,2024-05-20 17:40:05.936,,21750.0,1390,283
1112,2024-05-27 11:36:30.216,,31664.0,1437,293
1070,2024-05-20 20:03:18.529,,105000.0,1391,282
1073,2024-05-21 17:46:42.514,,104940.0,1396,285
1074,2024-05-21 17:46:42.551,,113685.0,1395,285
1075,2024-05-21 17:46:42.584,,132750.0,1397,285
1114,2024-05-27 12:18:49.480,,55650.0,1439,294
1115,2024-05-27 12:19:59.620,,105735.0,1440,294
1136,2024-05-28 14:49:25.134,,55650.0,1461,299
1116,2024-05-27 12:20:28.936,,122430.0,1441,294
1079,2024-05-21 18:22:23.700,,185692.0,1401,284
1117,2024-05-27 13:09:25.005,,82500.0,1442,292
1081,2024-05-21 19:25:53.249,,133875.0,1403,286
1082,2024-05-21 19:25:53.308,,114480.0,1404,286
1083,2024-05-22 11:21:02.756,,52800.0,1405,241
1084,2024-05-22 11:25:51.464,,61500.0,1406,241
1085,2024-05-22 12:33:36.060,,67799.0,1407,287
1086,2024-05-22 12:33:36.110,,117000.0,1408,287
1087,2024-05-22 12:33:36.165,,114480.0,1409,287
1088,2024-05-22 15:38:19.767,,114480.0,1410,288
1089,2024-05-22 15:40:50.490,,28800.0,1411,288
1090,2024-05-22 15:41:11.364,,45750.0,1412,288
1091,2024-05-22 17:18:39.281,,130095.0,1413,288
1092,2024-05-23 11:58:26.458,,28800.0,1420,286
1093,2024-05-23 11:59:38.940,,79341.0,1421,289
1094,2024-05-23 11:59:38.988,,143100.0,1422,289
1095,2024-05-23 14:37:48.558,,274972.0,1423,289
1096,2024-05-26 10:57:01.010,,60300.0,1417,290
1097,2024-05-26 10:57:01.062,,79341.0,1418,290
1100,2024-05-26 11:21:20.708,,69960.0,1425,290
1101,2024-05-26 11:22:28.682,,96750.0,1426,290
1102,2024-05-26 15:08:02.556,,349964.0,1427,290
1104,2024-05-26 17:29:59.568,,46110.0,1429,291
1105,2024-05-26 18:01:19.460,,195411.0,1430,291
1137,2024-05-28 14:50:28.858,,130062.0,1462,299
1123,2024-05-27 16:11:57.341,,290525.0,1448,296
1124,2024-05-27 16:12:30.111,,122430.0,1449,296
1125,2024-05-27 16:12:57.250,,79341.0,1450,296
1127,2024-05-28 11:16:06.628,,142646.0,1452,297
1128,2024-05-28 11:18:38.178,,32224.0,1453,297
1138,2024-05-28 14:50:49.376,,120876.0,1463,299
1139,2024-05-28 15:05:15.952,,143100.0,1464,300
1140,2024-05-28 15:05:16.003,,119988.0,1465,300
1131,2024-05-28 12:10:55.965,,151096.0,1456,297
1132,2024-05-28 13:02:28.922,,119988.0,1457,298
1133,2024-05-28 13:03:22.003,,85860.0,1458,298
1134,2024-05-28 13:03:37.881,,25600.0,1459,298
1141,2024-05-28 15:05:16.053,,174982.0,1466,300
1142,2024-05-28 15:05:16.108,,102714.0,1467,300
1143,2024-05-28 15:20:13.242,,45750.0,1424,301
1144,2024-05-28 15:20:13.299,,216240.0,1353,301
1145,2024-05-28 15:20:13.342,,224644.0,1468,301
1146,2024-05-28 16:36:40.096,,112322.0,1469,302
1148,2024-05-28 16:36:40.178,,46110.0,1471,302
1149,2024-05-28 16:36:40.217,,45750.0,1472,302
1150,2024-05-28 16:36:40.257,,37327.0,1473,302
1151,2024-05-28 17:33:45.640,,135403.0,1474,303
1152,2024-05-28 17:33:45.696,,91990.0,1475,303
1153,2024-05-29 12:08:35.108,,115200.0,1476,304
1154,2024-05-29 12:10:57.863,,82500.0,1477,304
1155,2024-05-29 12:11:18.261,,32224.0,1478,304
1156,2024-05-29 12:16:24.792,,239976.0,1479,305
1157,2024-05-29 12:16:24.854,,365700.0,1480,305
1158,2024-05-29 15:27:52.056,,81885.0,1481,295
1159,2024-05-29 15:28:47.378,,193821.0,1482,295
1160,2024-05-29 15:32:30.928,,73469.0,1483,295
1161,2024-05-29 17:45:25.830,,61500.0,1484,306
1162,2024-05-29 17:45:25.894,,31664.0,1485,306
1163,2024-05-29 17:45:25.953,,4350.0,1486,306
1164,2024-05-29 17:45:26.011,,117000.0,1487,306
1165,2024-05-29 21:12:50.055,,35478.0,1488,302
1166,2024-05-30 11:02:42.443,,34980.0,1489,307
1167,2024-05-30 11:02:42.474,,119988.0,1490,307
1168,2024-05-30 11:02:42.524,,200000.0,1491,307
1169,2024-05-30 11:19:24.783,,130095.0,1492,308
1170,2024-05-30 11:19:48.163,,59175.0,1493,308
1171,2024-05-30 11:20:03.866,,55650.0,1494,308
1172,2024-05-30 11:25:02.765,,10176.0,1495,308
1173,2024-05-30 15:51:45.318,,119988.0,1496,309
1174,2024-05-30 15:51:45.368,,243000.0,1497,309
1175,2024-05-30 15:51:45.415,,28800.0,1498,309
1176,2024-06-02 17:23:17.429,,50500.0,1499,295
1178,2024-06-02 18:54:22.588,,55650.0,1501,310
1179,2024-06-02 18:56:06.782,,104940.0,1502,310
